<?xml version="1.0" encoding="UTF-8" standalone="yes"?>
<addon id="service.subsautoloader" name="Subs Autoloader" version="1.0.2" provider-name="mussonero" origin-author="recrof" origin-url="https://github.com/recrof/kodi.service.subsautoloader">
	<requires>
		<import addon="xbmc.python" version="3.0.0"/>
	</requires>
	<extension point="xbmc.service" library="service.py"></extension>
	<extension point="xbmc.addon.metadata">
		<summary lang="en_GB">AutoLoad subtitles from Subs dir</summary>
		<description lang="en_GB">Automatically load subtitles from Subs folder when video starts playing</description>
		<platform>all</platform>
		<license>Apache License 2.0</license>
	</extension>
</addon>